animal,date,pre_weight_g
PS92,20260427,22.5
PS92,20260428,24.2
PS92,20260429,23.8
PS92,20260430,23.3
PS92,20260501,21.3
PS92,20260502,19.6
PS92,20260503,18.6
PS92,20260504,18.2
PS92,20260505,18.1
PS92,20260506,18.5
PS92,20260507,18.4
PS92,20260508,18.4
PS92,20260511,18.2
PS92,20260514,18.7
PS92,20260515,19.0
PS92,20260518,19.3
PS92,20260519,19.9
PS92,20260520,19.8
PS92,20260521,19.7
PS92,20260522,19.3
PS92,20260525,19.7
PS92,20260527,20.2
PS92,20260529,19.75
PS92,20260601,20.3
PS92,20260602,21.3
PS92,20260603,21.3
PS92,20260604,20.9
PS92,20260605,20.7
PS92,20260606,20.2
PS92,20260607,19.9
PS92,20260608,19.9
PS92,20260615,21.7
PS92,20260617,21.5
PS92,20260618,21.2
PS92,20260619,20.9
PS92,20260622,21.1
PS92,20260624,21.3
PS92,20260625,21.3
PS92,20260626,21.1
PS92,20260629,21.3
PS92,20260630,21.4
PS92,20260701,21.1
PS92,20260702,21.1
PS92,20260703,20.9
PS92,20260706,20.3
PS92,20260708,20.4
PS92,20260710,20.1
PS92,20260714,20.7
PS92,20260715,20.5
PS92,20260716,20.6
PS92,20260717,20.7
PS92,20260804,23.1
PS92,20260805,21.7
PS92,20260806,21.2
PS92,20260807,20.5
PS92,20260809,20.4
PS92,20260810,20.1
PS92,20260811,20.4
PS92,20260812,19.6
PS92,20260813,19.5
PS92,20260814,19.6
PS92,20260817,19.9
PS92,20260818,19.2
PS92,20260819,19.2
PS92,20260820,19.1
PS92,20260821,18.5
PS92,20260822,18.8
PS92,20260823,18.5
PS92,20260824,18.6
PS92,20260825,18.6
PS92,20260826,18.6
PS92,20260827,18.5
PS92,20260828,18.5
PS92,20260831,18.5
PS92,20260901,18.5
PS92,20260902,18.4
PS92,20260903,18.5
PS92,20260904,18.5
PS92,20260907,18.5
PS92,20260908,18.5
PS92,20260909,19.2
PS92,20260910,19.0
PS92,20260911,18.9
PS92,20260914,18.0
PS92,20260915,18.1
PS92,20260916,18.3
PS92,20260917,18.2
PS92,20260918,18.1
PS92,20260921,18.2
PS92,20260922,18.1
PS92,20260923,18.3
PS92,20260924,18.4
PS92,20260925,18.2
PS92,20260928,18.5
PS92,20260929,18.3
PS92,20260930,18.3
PS92,20261001,18.2
PS92,20261002,18.1
PS92,20261005,18.2
PS92,20261006,18.2
PS93,20260427,21.9
PS93,20260428,24.2
PS93,20260429,24.0
PS93,20260430,23.8
PS93,20260501,21.4
PS93,20260502,19.6
PS93,20260503,18.5
PS93,20260504,17.9
PS93,20260505,17.3
PS93,20260506,18.0
PS93,20260507,17.7
PS93,20260508,18.5
PS93,20260509,18.8
PS93,20260518,17.0
PS93,20260519,17.8
PS93,20260520,17.9
PS93,20260521,17.2
PS93,20260522,17.3
PS93,20260525,18.1
PS93,20260527,18.5
PS93,20260605,21.7
PS93,20260606,21.2
PS93,20260607,21.0
PS93,20260608,20.7
PS93,20260615,22.0
PS93,20260618,22.0
PS93,20260619,21.7
PS93,20260622,21.2
PS93,20260624,21.2
PS93,20260625,21.2
PS93,20260626,21.1
PS93,20260629,21.6
PS93,20260701,21.1
PS93,20260702,21.1
PS93,20260703,20.6
PS93,20260706,20.1
PS93,20260708,20.1
PS93,20260714,19.9
PS93,20260716,19.6
PS93,20260717,19.9
PS93,20260804,19.2
PS93,20260805,19.1
PS93,20260806,18.7
PS93,20260807,18.8
PS93,20260809,19.3
PS93,20260810,19.1
PS93,20260811,19.3
PS93,20260812,19.2
PS93,20260813,19.1
PS93,20260814,19.2
PS93,20260817,19.4
PS93,20260818,18.3
PS93,20260819,18.6
PS93,20260820,18.7
PS93,20260821,18.3
PS93,20260822,18.8
PS93,20260823,18.5
PS93,20260824,18.6
PS93,20260825,18.4
PS93,20260826,18.1
PS93,20260827,18.5
PS93,20260828,18.6
PS93,20260831,18.2
PS93,20260901,18.3
PS93,20260902,18.5
PS93,20260903,18.5
PS93,20260904,18.6
PS93,20260907,18.3
PS93,20260908,18.6
PS93,20260909,19.1
PS93,20260910,18.7
PS93,20260911,18.6
PS93,20260914,19.1
PS93,20260915,19.1
PS93,20260916,19.1
PS93,20260917,19.0
PS93,20260918,19.0
PS93,20260921,18.9
PS93,20260922,18.9
PS93,20260923,19.3
PS93,20260924,19.1
PS93,20260925,19.0
PS93,20260928,19.0
PS93,20260929,19.0
PS93,20260930,19.0
PS93,20261001,18.9
PS93,20261002,18.9
PS93,20261005,18.8
PS93,20261006,18.7
PS94,20260427,23.8
PS94,20260428,26.8
PS94,20260429,25.9
PS94,20260430,26.3
PS94,20260501,23.6
PS94,20260502,21.6
PS94,20260503,20.5
PS94,20260504,20.2
PS94,20260505,19.8
PS94,20260506,20.1
PS94,20260507,19.7
PS94,20260508,19.5
PS94,20260511,19.3
PS94,20260514,19.3
PS94,20260515,19.5
PS94,20260518,20.0
PS94,20260519,20.1
PS94,20260520,21.1
PS94,20260521,20.4
PS94,20260522,20.1
PS94,20260525,21.2
PS94,20260527,21.0
PS94,20260529,21.0
PS94,20260601,21.0
PS94,20260603,22.2
PS94,20260604,22.1
PS94,20260605,22.3
PS94,20260606,22.1
PS94,20260607,22.2
PS94,20260608,22.1
PS94,20260615,23.4
PS94,20260617,23.5
PS94,20260618,23.1
PS94,20260619,22.9
PS94,20260622,22.9
PS94,20260624,22.9
PS94,20260625,23.0
PS94,20260626,23.3
PS94,20260629,23.0
PS94,20260630,23.1
PS94,20260701,23.1
PS94,20260702,23.1
PS94,20260703,22.9
PS94,20260706,21.7
PS94,20260708,21.8
PS94,20260710,21.3
PS94,20260714,21.8
PS94,20260715,21.6
PS94,20260716,22.0
PS94,20260804,22.7
PS94,20260805,22.6
PS94,20260806,22.1
PS94,20260807,21.5
PS94,20260809,20.8
PS94,20260810,20.9
PS94,20260811,21.8
PS94,20260812,21.5
PS94,20260813,21.1
PS94,20260814,20.9
PS94,20260817,20.5
PS94,20260818,20.0
PS94,20260819,19.9
PS94,20260820,20.8
PS94,20260821,20.5
PS94,20260822,20.4
PS94,20260823,20.4
PS94,20260824,20.5
PS94,20260825,20.4
PS94,20260826,20.5
PS94,20260827,20.1
PS94,20260828,20.2
PS94,20260831,19.5
PS94,20260901,20.0
PS94,20260902,19.6
PS94,20260903,20.1
PS94,20260904,20.5
PS94,20260907,19.8
PS94,20260908,20.2
PS94,20260909,21.1
PS94,20260910,20.6
PS94,20260911,20.3
PS94,20260914,19.6
PS94,20260915,20.2
PS94,20260916,20.0
PS94,20260917,20.0
PS94,20260918,20.3
PS94,20260921,19.8
PS94,20260922,20.6
PS94,20260923,20.3
PS94,20260924,20.0
PS94,20260925,20.0
PS94,20260928,19.7
PS94,20260929,20.0
PS94,20260930,19.7
PS94,20261001,19.8
PS94,20261002,20.1
PS94,20261005,19.5
PS94,20261006,20.0
PS95,20260427,35.9
PS95,20260428,37.1
PS95,20260429,36.7
PS95,20260430,36.8
PS95,20260501,34.0
PS95,20260502,31.3
PS95,20260503,30.0
PS95,20260504,29.6
PS95,20260505,29.1
PS95,20260506,29.2
PS95,20260507,29.1
PS95,20260508,29.0
PS95,20260512,28.2
PS95,20260514,27.6
PS95,20260515,28.0
PS95,20260518,27.5
PS95,20260519,28.4
PS95,20260520,28.8
PS95,20260521,28.4
PS95,20260522,28.7
PS95,20260525,27.9
PS95,20260527,27.2
PS95,20260529,26.5
PS95,20260601,27.5
PS95,20260603,28.6
PS95,20260604,28.0
PS95,20260605,28.3
PS95,20260606,28.1
PS95,20260607,28.3
PS95,20260608,28.2
PS95,20260615,29.0
PS95,20260617,28.9
PS95,20260618,28.4
PS95,20260619,28.3
PS95,20260622,28.0
PS95,20260624,28.1
PS95,20260625,28.3
PS95,20260626,28.7
PS95,20260629,28.6
PS95,20260630,28.8
PS95,20260701,28.7
PS95,20260702,28.6
PS95,20260703,28.4
PS95,20260706,26.7
PS95,20260708,27.1
PS95,20260710,27.0
PS95,20260714,27.4
PS95,20260715,27.3
PS95,20260716,27.9
PS95,20260804,29.3
PS95,20260805,28.4
PS95,20260806,27.9
PS95,20260807,27.3
PS95,20260809,26.7
PS95,20260810,27.6
PS95,20260811,27.5
PS95,20260812,27.9
PS95,20260813,27.2
PS95,20260814,27.2
PS95,20260817,27.7
PS95,20260818,25.9
PS95,20260819,25.7
PS95,20260820,26.6
PS95,20260821,26.1
PS95,20260822,26.3
PS95,20260823,26.4
PS95,20260824,27.0
PS95,20260825,26.0
PS95,20260826,26.6
PS95,20260827,26.0
PS95,20260828,26.4
PS95,20260831,25.5
PS95,20260901,26.2
PS95,20260902,26.2
PS95,20260903,26.3
PS95,20260904,27.0
PS95,20260907,25.5
PS95,20260908,26.3
PS95,20260909,28.7
PS95,20260910,26.9
PS95,20260911,26.6
PS95,20260914,25.4
PS95,20260915,26.9
PS95,20260916,25.9
PS95,20260917,26.4
PS95,20260918,26.7
PS95,20260921,25.2
PS95,20260922,26.8
PS95,20260923,26.3
PS95,20260924,26.2
PS95,20260925,26.5
PS95,20260928,25.8
PS95,20260929,26.7
PS95,20260930,26.3
PS95,20261001,26.1
PS95,20261002,26.5
PS95,20261005,25.9
PS95,20261006,26.6
