animal,date,cam,epoch,video_stem,frame,trial_id,position,category,phase,t_from_cue_s,_group,image,_video,spout_p,spout_dx
PS95,20260907,cam4,chronic,cam4_2026-09-07T17_08_48,1278375,501,close_L,iti,iti_spout_move,4.267,iti499:spout_move,img1278375.png,N:\MICROSCOPE\Priya\Behavior_Cameras\Widefield\20260907\PS95\cam4_2026-09-07T17_08_48.avi,0.918,3.1
PS95,20260907,cam4,chronic,cam4_2026-09-07T17_08_48,1278711,501,close_L,iti,iti_low_conf,5.612,iti499:low_conf,img1278711.png,N:\MICROSCOPE\Priya\Behavior_Cameras\Widefield\20260907\PS95\cam4_2026-09-07T17_08_48.avi,0.529,0.0
PS95,20260907,cam4,chronic,cam4_2026-09-07T17_08_48,91067,37,close_L,iti,iti_spout_move,3.933,iti35:spout_move,img0091067.png,N:\MICROSCOPE\Priya\Behavior_Cameras\Widefield\20260907\PS95\cam4_2026-09-07T17_08_48.avi,1.0,35.0
PS95,20260907,cam4,chronic,cam4_2026-09-07T17_08_48,91451,37,close_L,iti,iti_low_conf,5.47,iti35:low_conf,img0091451.png,N:\MICROSCOPE\Priya\Behavior_Cameras\Widefield\20260907\PS95\cam4_2026-09-07T17_08_48.avi,0.799,0.1
PS95,20260907,cam4,chronic,cam4_2026-09-07T17_08_48,123429,50,close_R,iti,iti_spout_move,4.077,iti48:spout_move,img0123429.png,N:\MICROSCOPE\Priya\Behavior_Cameras\Widefield\20260907\PS95\cam4_2026-09-07T17_08_48.avi,0.885,34.3
PS95,20260907,cam4,chronic,cam4_2026-09-07T17_08_48,123393,50,close_R,iti,iti_low_conf,3.933,iti48:low_conf,img0123393.png,N:\MICROSCOPE\Priya\Behavior_Cameras\Widefield\20260907\PS95\cam4_2026-09-07T17_08_48.avi,0.182,2.7
PS95,20260907,cam4,chronic,cam4_2026-09-07T17_08_48,1063541,415,close_R,iti,iti_spout_move,4.027,iti413:spout_move,img1063541.png,N:\MICROSCOPE\Priya\Behavior_Cameras\Widefield\20260907\PS95\cam4_2026-09-07T17_08_48.avi,1.0,21.4
PS95,20260907,cam4,chronic,cam4_2026-09-07T17_08_48,1063709,415,close_R,iti,iti_low_conf,4.7,iti413:low_conf,img1063709.png,N:\MICROSCOPE\Priya\Behavior_Cameras\Widefield\20260907\PS95\cam4_2026-09-07T17_08_48.avi,0.118,2.2
PS95,20260907,cam4,chronic,cam4_2026-09-07T17_08_48,1104606,432,close_center,iti,iti_spout_move,4.222,iti430:spout_move,img1104606.png,N:\MICROSCOPE\Priya\Behavior_Cameras\Widefield\20260907\PS95\cam4_2026-09-07T17_08_48.avi,0.739,2.0
PS95,20260907,cam4,chronic,cam4_2026-09-07T17_08_48,1104858,432,close_center,iti,iti_low_conf,5.231,iti430:low_conf,img1104858.png,N:\MICROSCOPE\Priya\Behavior_Cameras\Widefield\20260907\PS95\cam4_2026-09-07T17_08_48.avi,0.675,0.0
PS95,20260907,cam4,chronic,cam4_2026-09-07T17_08_48,1396259,549,close_center,iti,iti_spout_move,3.981,iti547:spout_move,img1396259.png,N:\MICROSCOPE\Priya\Behavior_Cameras\Widefield\20260907\PS95\cam4_2026-09-07T17_08_48.avi,0.99,34.3
PS95,20260907,cam4,chronic,cam4_2026-09-07T17_08_48,1396211,549,close_center,iti,iti_low_conf,3.789,iti547:low_conf,img1396211.png,N:\MICROSCOPE\Priya\Behavior_Cameras\Widefield\20260907\PS95\cam4_2026-09-07T17_08_48.avi,0.445,0.8
PS95,20260907,cam4,chronic,cam4_2026-09-07T17_08_48,936831,366,far_L,iti,iti_spout_move,4.03,iti364:spout_move,img0936831.png,N:\MICROSCOPE\Priya\Behavior_Cameras\Widefield\20260907\PS95\cam4_2026-09-07T17_08_48.avi,0.933,24.6
PS95,20260907,cam4,chronic,cam4_2026-09-07T17_08_48,937275,366,far_L,iti,iti_low_conf,5.807,iti364:low_conf,img0937275.png,N:\MICROSCOPE\Priya\Behavior_Cameras\Widefield\20260907\PS95\cam4_2026-09-07T17_08_48.avi,0.343,0.5
PS95,20260907,cam4,chronic,cam4_2026-09-07T17_08_48,1516403,598,far_L,iti,iti_spout_move,4.462,iti596:spout_move,img1516403.png,N:\MICROSCOPE\Priya\Behavior_Cameras\Widefield\20260907\PS95\cam4_2026-09-07T17_08_48.avi,0.601,8.8
PS95,20260907,cam4,chronic,cam4_2026-09-07T17_08_48,1516463,598,far_L,iti,iti_low_conf,4.702,iti596:low_conf,img1516463.png,N:\MICROSCOPE\Priya\Behavior_Cameras\Widefield\20260907\PS95\cam4_2026-09-07T17_08_48.avi,0.425,4.1
PS95,20260907,cam4,chronic,cam4_2026-09-07T17_08_48,210959,87,far_R,iti,iti_spout_move,4.075,iti85:spout_move,img0210959.png,N:\MICROSCOPE\Priya\Behavior_Cameras\Widefield\20260907\PS95\cam4_2026-09-07T17_08_48.avi,0.913,3.6
PS95,20260907,cam4,chronic,cam4_2026-09-07T17_08_48,211019,87,far_R,iti,iti_low_conf,4.315,iti85:low_conf,img0211019.png,N:\MICROSCOPE\Priya\Behavior_Cameras\Widefield\20260907\PS95\cam4_2026-09-07T17_08_48.avi,0.828,0.8
PS95,20260907,cam4,chronic,cam4_2026-09-07T17_08_48,71031,29,far_R,iti,iti_spout_move,4.221,iti27:spout_move,img0071031.png,N:\MICROSCOPE\Priya\Behavior_Cameras\Widefield\20260907\PS95\cam4_2026-09-07T17_08_48.avi,0.888,3.7
PS95,20260907,cam4,chronic,cam4_2026-09-07T17_08_48,70971,29,far_R,iti,iti_low_conf,3.981,iti27:low_conf,img0070971.png,N:\MICROSCOPE\Priya\Behavior_Cameras\Widefield\20260907\PS95\cam4_2026-09-07T17_08_48.avi,0.674,0.2
PS95,20260907,cam4,chronic,cam4_2026-09-07T17_08_48,1495771,589,far_center,iti,iti_spout_move,4.029,iti587:spout_move,img1495771.png,N:\MICROSCOPE\Priya\Behavior_Cameras\Widefield\20260907\PS95\cam4_2026-09-07T17_08_48.avi,0.99,30.0
PS95,20260907,cam4,chronic,cam4_2026-09-07T17_08_48,1495735,589,far_center,iti,iti_low_conf,3.885,iti587:low_conf,img1495735.png,N:\MICROSCOPE\Priya\Behavior_Cameras\Widefield\20260907\PS95\cam4_2026-09-07T17_08_48.avi,0.768,1.5
PS95,20260907,cam4,chronic,cam4_2026-09-07T17_08_48,510652,204,far_center,iti,iti_spout_move,4.171,iti202:spout_move,img0510652.png,N:\MICROSCOPE\Priya\Behavior_Cameras\Widefield\20260907\PS95\cam4_2026-09-07T17_08_48.avi,0.961,34.0
PS95,20260907,cam4,chronic,cam4_2026-09-07T17_08_48,510964,204,far_center,iti,iti_low_conf,5.42,iti202:low_conf,img0510964.png,N:\MICROSCOPE\Priya\Behavior_Cameras\Widefield\20260907\PS95\cam4_2026-09-07T17_08_48.avi,0.443,0.8
PS93,20260824,cam4,subacute,cam4_2026-08-24T09_58_10,1608810,421,close_L,iti,iti_spout_move,3.835,iti419:spout_move,img1608810.png,N:\MICROSCOPE\Priya\Behavior_Cameras\Widefield\20260824\PS93\cam4_2026-08-24T09_58_10.avi,0.865,37.4
PS93,20260824,cam4,subacute,cam4_2026-08-24T09_58_10,1608930,421,close_L,iti,iti_low_conf,4.316,iti419:low_conf,img1608930.png,N:\MICROSCOPE\Priya\Behavior_Cameras\Widefield\20260824\PS93\cam4_2026-08-24T09_58_10.avi,0.829,0.5
PS93,20260824,cam4,subacute,cam4_2026-08-24T09_58_10,189084,34,close_L,iti,iti_spout_move,4.078,iti32:spout_move,img0189084.png,N:\MICROSCOPE\Priya\Behavior_Cameras\Widefield\20260824\PS93\cam4_2026-08-24T09_58_10.avi,0.664,58.6
PS93,20260824,cam4,subacute,cam4_2026-08-24T09_58_10,189072,34,close_L,iti,iti_low_conf,4.03,iti32:low_conf,img0189072.png,N:\MICROSCOPE\Priya\Behavior_Cameras\Widefield\20260824\PS93\cam4_2026-08-24T09_58_10.avi,0.024,4.1
PS93,20260824,cam4,subacute,cam4_2026-08-24T09_58_10,587135,124,close_R,iti,iti_spout_move,3.836,iti122:spout_move,img0587135.png,N:\MICROSCOPE\Priya\Behavior_Cameras\Widefield\20260824\PS93\cam4_2026-08-24T09_58_10.avi,0.823,36.5
PS93,20260824,cam4,subacute,cam4_2026-08-24T09_58_10,587339,124,close_R,iti,iti_low_conf,4.653,iti122:low_conf,img0587339.png,N:\MICROSCOPE\Priya\Behavior_Cameras\Widefield\20260824\PS93\cam4_2026-08-24T09_58_10.avi,0.388,0.8
PS93,20260824,cam4,subacute,cam4_2026-08-24T09_58_10,690023,151,close_R,iti,iti_spout_move,3.837,iti149:spout_move,img0690023.png,N:\MICROSCOPE\Priya\Behavior_Cameras\Widefield\20260824\PS93\cam4_2026-08-24T09_58_10.avi,1.0,2.0
PS93,20260824,cam4,subacute,cam4_2026-08-24T09_58_10,690359,151,close_R,iti,iti_low_conf,5.182,iti149:low_conf,img0690359.png,N:\MICROSCOPE\Priya\Behavior_Cameras\Widefield\20260824\PS93\cam4_2026-08-24T09_58_10.avi,0.487,0.8
PS93,20260824,cam4,subacute,cam4_2026-08-24T09_58_10,1055943,249,close_center,iti,iti_spout_move,4.558,iti247:spout_move,img1055943.png,N:\MICROSCOPE\Priya\Behavior_Cameras\Widefield\20260824\PS93\cam4_2026-08-24T09_58_10.avi,0.019,47.8
PS93,20260824,cam4,subacute,cam4_2026-08-24T09_58_10,1056051,249,close_center,iti,iti_low_conf,4.99,iti247:low_conf,img1056051.png,N:\MICROSCOPE\Priya\Behavior_Cameras\Widefield\20260824\PS93\cam4_2026-08-24T09_58_10.avi,0.018,40.9
PS93,20260824,cam4,subacute,cam4_2026-08-24T09_58_10,54627,14,close_center,iti,iti_spout_move,5.132,iti12:spout_move,img0054627.png,N:\MICROSCOPE\Priya\Behavior_Cameras\Widefield\20260824\PS93\cam4_2026-08-24T09_58_10.avi,0.421,91.8
PS93,20260824,cam4,subacute,cam4_2026-08-24T09_58_10,54615,14,close_center,iti,iti_low_conf,5.084,iti12:low_conf,img0054615.png,N:\MICROSCOPE\Priya\Behavior_Cameras\Widefield\20260824\PS93\cam4_2026-08-24T09_58_10.avi,0.158,90.4
PS93,20260824,cam4,subacute,cam4_2026-08-24T09_58_10,259234,50,far_L,iti,iti_spout_move,4.366,iti48:spout_move,img0259234.png,N:\MICROSCOPE\Priya\Behavior_Cameras\Widefield\20260824\PS93\cam4_2026-08-24T09_58_10.avi,0.757,1.6
PS93,20260824,cam4,subacute,cam4_2026-08-24T09_58_10,558077,114,far_L,iti,iti_spout_move,4.124,iti112:spout_move,img0558077.png,N:\MICROSCOPE\Priya\Behavior_Cameras\Widefield\20260824\PS93\cam4_2026-08-24T09_58_10.avi,0.934,22.6
PS93,20260824,cam4,subacute,cam4_2026-08-24T09_58_10,558149,114,far_L,iti,iti_low_conf,4.412,iti112:low_conf,img0558149.png,N:\MICROSCOPE\Priya\Behavior_Cameras\Widefield\20260824\PS93\cam4_2026-08-24T09_58_10.avi,0.503,0.9
PS93,20260824,cam4,subacute,cam4_2026-08-24T09_58_10,798653,176,far_R,iti,iti_spout_move,4.605,iti174:spout_move,img0798653.png,N:\MICROSCOPE\Priya\Behavior_Cameras\Widefield\20260824\PS93\cam4_2026-08-24T09_58_10.avi,0.328,39.3
PS93,20260824,cam4,subacute,cam4_2026-08-24T09_58_10,798665,176,far_R,iti,iti_low_conf,4.653,iti174:low_conf,img0798665.png,N:\MICROSCOPE\Priya\Behavior_Cameras\Widefield\20260824\PS93\cam4_2026-08-24T09_58_10.avi,0.279,38.5
PS93,20260824,cam4,subacute,cam4_2026-08-24T09_58_10,1701712,454,far_R,iti,iti_spout_move,3.835,iti452:spout_move,img1701712.png,N:\MICROSCOPE\Priya\Behavior_Cameras\Widefield\20260824\PS93\cam4_2026-08-24T09_58_10.avi,0.908,35.9
PS93,20260824,cam4,subacute,cam4_2026-08-24T09_58_10,1701880,454,far_R,iti,iti_low_conf,4.508,iti452:low_conf,img1701880.png,N:\MICROSCOPE\Priya\Behavior_Cameras\Widefield\20260824\PS93\cam4_2026-08-24T09_58_10.avi,0.85,0.6
PS93,20260824,cam4,subacute,cam4_2026-08-24T09_58_10,413691,86,far_center,iti,iti_spout_move,5.179,iti84:spout_move,img0413691.png,N:\MICROSCOPE\Priya\Behavior_Cameras\Widefield\20260824\PS93\cam4_2026-08-24T09_58_10.avi,0.926,40.1
PS93,20260824,cam4,subacute,cam4_2026-08-24T09_58_10,414171,86,far_center,iti,iti_low_conf,7.101,iti84:low_conf,img0414171.png,N:\MICROSCOPE\Priya\Behavior_Cameras\Widefield\20260824\PS93\cam4_2026-08-24T09_58_10.avi,0.685,0.1
PS93,20260824,cam4,subacute,cam4_2026-08-24T09_58_10,37401,10,far_center,iti,iti_spout_move,3.98,iti8:spout_move,img0037401.png,N:\MICROSCOPE\Priya\Behavior_Cameras\Widefield\20260824\PS93\cam4_2026-08-24T09_58_10.avi,0.94,23.7
PS93,20260824,cam4,subacute,cam4_2026-08-24T09_58_10,37941,10,far_center,iti,iti_low_conf,6.141,iti8:low_conf,img0037941.png,N:\MICROSCOPE\Priya\Behavior_Cameras\Widefield\20260824\PS93\cam4_2026-08-24T09_58_10.avi,0.55,2.7
